{"cameraMode":{"drawMode":0,"name":"Shaded","section":"Shading Mode"},"sceneLighting":false,"audioPlay":false,"sceneViewState":{"showFog":false,"showMaterialUpdate":false,"showSkybox":false,"showFlares":false,"showImageEffects":false,"showParticleSystems":false},"in2DMode":false,"pivot":{"x":-4.489999771118164,"y":1.4200000762939454,"z":0.0},"rotation":{"x":-0.0004971855669282377,"y":0.9961775541305542,"z":-0.08719761669635773,"w":-0.005677782464772463},"size":1.7320507764816285,"orthographic":false}